{
  "classes": [
    "Critical",
    "Elevated",
    "High",
    "Low"
  ],
  "test_rows": 63207,
  "train_rows": 206112,
  "report": {
    "Critical": {
      "precision": 0.963855421686747,
      "recall": 0.8695652173913043,
      "f1-score": 0.9142857142857143,
      "support": 644.0
    },
    "Elevated": {
      "precision": 0.9660446062812926,
      "recall": 0.9726856095325389,
      "f1-score": 0.9693537337291619,
      "support": 10910.0
    },
    "High": {
      "precision": 0.9467304625199362,
      "recall": 0.919454770755886,
      "f1-score": 0.9328932893289329,
      "support": 3228.0
    },
    "Low": {
      "precision": 0.9955675586525379,
      "recall": 0.9972328342798141,
      "f1-score": 0.9963995006757385,
      "support": 48425.0
    },
    "accuracy": 0.9877228787950701,
    "macro avg": {
      "precision": 0.9680495122851285,
      "recall": 0.9397346079898857,
      "f1-score": 0.9532330595048869,
      "support": 63207.0
    },
    "weighted avg": {
      "precision": 0.9876544450275866,
      "recall": 0.9877228787950701,
      "f1-score": 0.9876512821864918,
      "support": 63207.0
    }
  },
  "confusion_matrix": [
    [
      560,
      0,
      84,
      0
    ],
    [
      0,
      10612,
      83,
      215
    ],
    [
      21,
      239,
      2968,
      0
    ],
    [
      0,
      134,
      0,
      48291
    ]
  ],
  "macro_roc_auc_ovr": 0.999581007611755,
  "macro_pr_auc_ovr": 0.9923742693730322
}